typeProject;before;project;version;file;start;end;
;;elasticsearch;1;/home/les-02/NovoTGLambda/projetos/elasticsearch/core/src/main/java/org/elasticsearch/node/Node.java;867;873;
;;elasticsearch;1;/home/les-02/NovoTGLambda/projetos/elasticsearch/core/src/main/java/org/elasticsearch/node/Node.java;869;873;
;;elasticsearch;1;/home/les-02/NovoTGLambda/projetos/elasticsearch/core/src/main/java/org/elasticsearch/action/support/ActiveShardCount.java;110;120;
;;elasticsearch;1;/home/les-02/NovoTGLambda/projetos/elasticsearch/core/src/main/java/org/elasticsearch/action/admin/cluster/repositories/put/PutRepositoryRequest.java;203;212;
;;elasticsearch;1;/home/les-02/NovoTGLambda/projetos/elasticsearch/core/src/main/java/org/elasticsearch/action/admin/cluster/repositories/put/PutRepositoryRequest.java;205;212;
;;elasticsearch;1;/home/les-02/NovoTGLambda/projetos/elasticsearch/core/src/main/java/org/elasticsearch/action/admin/cluster/snapshots/create/CreateSnapshotRequest.java;361;378;
;;elasticsearch;1;/home/les-02/NovoTGLambda/projetos/elasticsearch/core/src/main/java/org/elasticsearch/action/admin/cluster/snapshots/create/CreateSnapshotRequest.java;369;378;
;;elasticsearch;1;/home/les-02/NovoTGLambda/projetos/elasticsearch/core/src/main/java/org/elasticsearch/action/admin/cluster/snapshots/create/CreateSnapshotRequest.java;371;378;
;;elasticsearch;1;/home/les-02/NovoTGLambda/projetos/elasticsearch/core/src/main/java/org/elasticsearch/action/admin/cluster/snapshots/create/CreateSnapshotRequest.java;376;378;
;;elasticsearch;1;/home/les-02/NovoTGLambda/projetos/elasticsearch/core/src/main/java/org/elasticsearch/action/admin/cluster/snapshots/restore/RestoreSnapshotRequest.java;476;524;
;;elasticsearch;1;/home/les-02/NovoTGLambda/projetos/elasticsearch/core/src/main/java/org/elasticsearch/action/admin/cluster/snapshots/restore/RestoreSnapshotRequest.java;484;524;
;;elasticsearch;1;/home/les-02/NovoTGLambda/projetos/elasticsearch/core/src/main/java/org/elasticsearch/action/admin/cluster/snapshots/restore/RestoreSnapshotRequest.java;486;524;
;;elasticsearch;1;/home/les-02/NovoTGLambda/projetos/elasticsearch/core/src/main/java/org/elasticsearch/action/admin/cluster/snapshots/restore/RestoreSnapshotRequest.java;491;524;
;;elasticsearch;1;/home/les-02/NovoTGLambda/projetos/elasticsearch/core/src/main/java/org/elasticsearch/action/admin/cluster/snapshots/restore/RestoreSnapshotRequest.java;493;524;
;;elasticsearch;1;/home/les-02/NovoTGLambda/projetos/elasticsearch/core/src/main/java/org/elasticsearch/action/admin/cluster/snapshots/restore/RestoreSnapshotRequest.java;495;524;
;;elasticsearch;1;/home/les-02/NovoTGLambda/projetos/elasticsearch/core/src/main/java/org/elasticsearch/action/admin/cluster/snapshots/restore/RestoreSnapshotRequest.java;501;524;
;;elasticsearch;1;/home/les-02/NovoTGLambda/projetos/elasticsearch/core/src/main/java/org/elasticsearch/action/admin/cluster/snapshots/restore/RestoreSnapshotRequest.java;507;524;
;;elasticsearch;1;/home/les-02/NovoTGLambda/projetos/elasticsearch/core/src/main/java/org/elasticsearch/action/admin/cluster/snapshots/restore/RestoreSnapshotRequest.java;512;524;
;;elasticsearch;1;/home/les-02/NovoTGLambda/projetos/elasticsearch/core/src/main/java/org/elasticsearch/action/admin/indices/create/CreateIndexRequest.java;388;411;
;;elasticsearch;1;/home/les-02/NovoTGLambda/projetos/elasticsearch/core/src/main/java/org/elasticsearch/action/admin/indices/create/CreateIndexRequest.java;391;411;
;;elasticsearch;1;/home/les-02/NovoTGLambda/projetos/elasticsearch/core/src/main/java/org/elasticsearch/action/admin/indices/create/CreateIndexRequest.java;397;411;
;;elasticsearch;1;/home/les-02/NovoTGLambda/projetos/elasticsearch/core/src/main/java/org/elasticsearch/action/admin/indices/template/put/PutIndexTemplateRequest.java;311;360;
;;elasticsearch;1;/home/les-02/NovoTGLambda/projetos/elasticsearch/core/src/main/java/org/elasticsearch/action/admin/indices/template/put/PutIndexTemplateRequest.java;317;360;
;;elasticsearch;1;/home/les-02/NovoTGLambda/projetos/elasticsearch/core/src/main/java/org/elasticsearch/action/admin/indices/template/put/PutIndexTemplateRequest.java;326;360;
;;elasticsearch;1;/home/les-02/NovoTGLambda/projetos/elasticsearch/core/src/main/java/org/elasticsearch/action/admin/indices/template/put/PutIndexTemplateRequest.java;333;360;
;;elasticsearch;1;/home/les-02/NovoTGLambda/projetos/elasticsearch/core/src/main/java/org/elasticsearch/action/admin/indices/template/put/PutIndexTemplateRequest.java;338;360;
;;elasticsearch;1;/home/les-02/NovoTGLambda/projetos/elasticsearch/core/src/main/java/org/elasticsearch/action/admin/indices/template/put/PutIndexTemplateRequest.java;348;360;
;;elasticsearch;1;/home/les-02/NovoTGLambda/projetos/elasticsearch/core/src/main/java/org/elasticsearch/action/termvectors/TermVectorsRequest.java;597;645;
;;elasticsearch;1;/home/les-02/NovoTGLambda/projetos/elasticsearch/core/src/main/java/org/elasticsearch/action/termvectors/TermVectorsRequest.java;605;645;
;;elasticsearch;1;/home/les-02/NovoTGLambda/projetos/elasticsearch/core/src/main/java/org/elasticsearch/action/termvectors/TermVectorsRequest.java;607;645;
;;elasticsearch;1;/home/les-02/NovoTGLambda/projetos/elasticsearch/core/src/main/java/org/elasticsearch/action/termvectors/TermVectorsRequest.java;609;645;
;;elasticsearch;1;/home/les-02/NovoTGLambda/projetos/elasticsearch/core/src/main/java/org/elasticsearch/action/termvectors/TermVectorsRequest.java;615;645;
;;elasticsearch;1;/home/les-02/NovoTGLambda/projetos/elasticsearch/core/src/main/java/org/elasticsearch/action/termvectors/TermVectorsRequest.java;619;645;
;;elasticsearch;1;/home/les-02/NovoTGLambda/projetos/elasticsearch/core/src/main/java/org/elasticsearch/action/termvectors/TermVectorsRequest.java;674;690;
;;elasticsearch;1;/home/les-02/NovoTGLambda/projetos/elasticsearch/core/src/main/java/org/elasticsearch/action/termvectors/TermVectorsRequest.java;676;690;
;;elasticsearch;1;/home/les-02/NovoTGLambda/projetos/elasticsearch/core/src/main/java/org/elasticsearch/action/termvectors/TermVectorsRequest.java;678;690;
;;elasticsearch;1;/home/les-02/NovoTGLambda/projetos/elasticsearch/core/src/main/java/org/elasticsearch/action/termvectors/TermVectorsRequest.java;680;690;
;;elasticsearch;1;/home/les-02/NovoTGLambda/projetos/elasticsearch/core/src/main/java/org/elasticsearch/action/termvectors/TermVectorsRequest.java;682;690;
;;elasticsearch;1;/home/les-02/NovoTGLambda/projetos/elasticsearch/core/src/main/java/org/elasticsearch/action/termvectors/TermVectorsRequest.java;684;690;
;;elasticsearch;1;/home/les-02/NovoTGLambda/projetos/elasticsearch/core/src/main/java/org/elasticsearch/action/termvectors/TermVectorsRequest.java;686;690;
;;elasticsearch;1;/home/les-02/NovoTGLambda/projetos/elasticsearch/core/src/main/java/org/elasticsearch/action/index/IndexRequest.java;421;427;
;;elasticsearch;1;/home/les-02/NovoTGLambda/projetos/elasticsearch/core/src/main/java/org/elasticsearch/action/index/IndexRequest.java;423;427;
;;elasticsearch;1;/home/les-02/NovoTGLambda/projetos/elasticsearch/core/src/main/java/org/elasticsearch/action/update/UpdateHelper.java;240;243;
;;elasticsearch;1;/home/les-02/NovoTGLambda/projetos/elasticsearch/core/src/main/java/org/elasticsearch/rest/RestController.java;167;170;
;;elasticsearch;1;/home/les-02/NovoTGLambda/projetos/elasticsearch/core/src/main/java/org/elasticsearch/rest/RestController.java;266;269;
;;elasticsearch;1;/home/les-02/NovoTGLambda/projetos/elasticsearch/core/src/main/java/org/elasticsearch/common/logging/LogConfigurator.java;102;104;
;;elasticsearch;1;/home/les-02/NovoTGLambda/projetos/elasticsearch/core/src/main/java/org/elasticsearch/common/transport/NetworkExceptionHelper.java;55;57;
;;elasticsearch;1;/home/les-02/NovoTGLambda/projetos/elasticsearch/core/src/main/java/org/elasticsearch/common/transport/NetworkExceptionHelper.java;58;60;
;;elasticsearch;1;/home/les-02/NovoTGLambda/projetos/elasticsearch/core/src/main/java/org/elasticsearch/common/unit/ByteSizeValue.java;167;178;
;;elasticsearch;1;/home/les-02/NovoTGLambda/projetos/elasticsearch/core/src/main/java/org/elasticsearch/common/unit/ByteSizeValue.java;170;178;
;;elasticsearch;1;/home/les-02/NovoTGLambda/projetos/elasticsearch/core/src/main/java/org/elasticsearch/cluster/node/DiscoveryNodes.java;299;359;
;;elasticsearch;1;/home/les-02/NovoTGLambda/projetos/elasticsearch/core/src/main/java/org/elasticsearch/cluster/node/DiscoveryNodes.java;304;359;
;;elasticsearch;1;/home/les-02/NovoTGLambda/projetos/elasticsearch/core/src/main/java/org/elasticsearch/cluster/metadata/MetaData.java;897;899;
;;elasticsearch;1;/home/les-02/NovoTGLambda/projetos/elasticsearch/core/src/main/java/org/elasticsearch/cluster/metadata/MappingMetaData.java;125;132;
;;elasticsearch;1;/home/les-02/NovoTGLambda/projetos/elasticsearch/core/src/main/java/org/elasticsearch/bootstrap/Spawner.java;117;119;
;;elasticsearch;1;/home/les-02/NovoTGLambda/projetos/elasticsearch/core/src/main/java/org/elasticsearch/bootstrap/Spawner.java;121;125;
;;elasticsearch;1;/home/les-02/NovoTGLambda/projetos/elasticsearch/core/src/main/java/org/elasticsearch/bootstrap/Spawner.java;123;125;
;;elasticsearch;1;/home/les-02/NovoTGLambda/projetos/elasticsearch/core/src/main/java/org/elasticsearch/search/profile/query/InternalProfileCollector.java;102;104;
;;elasticsearch;1;/home/les-02/NovoTGLambda/projetos/elasticsearch/core/src/main/java/org/elasticsearch/search/aggregations/bucket/InternalSingleBucketAggregation.java;118;123;
;;elasticsearch;1;/home/les-02/NovoTGLambda/projetos/elasticsearch/core/src/main/java/org/elasticsearch/search/aggregations/InternalMultiBucketAggregation.java;69;78;
;;elasticsearch;1;/home/les-02/NovoTGLambda/projetos/elasticsearch/core/src/main/java/org/elasticsearch/search/aggregations/InternalMultiBucketAggregation.java;89;99;
;;elasticsearch;1;/home/les-02/NovoTGLambda/projetos/elasticsearch/core/src/main/java/org/elasticsearch/search/aggregations/InternalMultiBucketAggregation.java;94;99;
;;elasticsearch;1;/home/les-02/NovoTGLambda/projetos/elasticsearch/core/src/main/java/org/elasticsearch/index/mapper/RoutingFieldMapper.java;86;89;
;;elasticsearch;1;/home/les-02/NovoTGLambda/projetos/elasticsearch/core/src/main/java/org/elasticsearch/index/mapper/FieldNamesFieldMapper.java;107;110;
;;elasticsearch;1;/home/les-02/NovoTGLambda/projetos/elasticsearch/core/src/main/java/org/elasticsearch/index/mapper/KeywordFieldMapper.java;129;153;
;;elasticsearch;1;/home/les-02/NovoTGLambda/projetos/elasticsearch/core/src/main/java/org/elasticsearch/index/mapper/KeywordFieldMapper.java;135;153;
;;elasticsearch;1;/home/les-02/NovoTGLambda/projetos/elasticsearch/core/src/main/java/org/elasticsearch/index/mapper/KeywordFieldMapper.java;138;153;
;;elasticsearch;1;/home/les-02/NovoTGLambda/projetos/elasticsearch/core/src/main/java/org/elasticsearch/index/mapper/KeywordFieldMapper.java;141;153;
;;elasticsearch;1;/home/les-02/NovoTGLambda/projetos/elasticsearch/core/src/main/java/org/elasticsearch/index/mapper/KeywordFieldMapper.java;144;153;
;;elasticsearch;1;/home/les-02/NovoTGLambda/projetos/elasticsearch/core/src/main/java/org/elasticsearch/index/mapper/TypeParsers.java;93;130;
;;elasticsearch;1;/home/les-02/NovoTGLambda/projetos/elasticsearch/core/src/main/java/org/elasticsearch/index/mapper/TypeParsers.java;96;130;
;;elasticsearch;1;/home/les-02/NovoTGLambda/projetos/elasticsearch/core/src/main/java/org/elasticsearch/index/mapper/TypeParsers.java;99;130;
;;elasticsearch;1;/home/les-02/NovoTGLambda/projetos/elasticsearch/core/src/main/java/org/elasticsearch/index/mapper/TypeParsers.java;102;130;
;;elasticsearch;1;/home/les-02/NovoTGLambda/projetos/elasticsearch/core/src/main/java/org/elasticsearch/index/mapper/TypeParsers.java;106;130;
;;elasticsearch;1;/home/les-02/NovoTGLambda/projetos/elasticsearch/core/src/main/java/org/elasticsearch/index/mapper/TypeParsers.java;109;130;
;;elasticsearch;1;/home/les-02/NovoTGLambda/projetos/elasticsearch/core/src/main/java/org/elasticsearch/index/mapper/TypeParsers.java;116;130;
;;elasticsearch;1;/home/les-02/NovoTGLambda/projetos/elasticsearch/core/src/main/java/org/elasticsearch/index/mapper/TypeParsers.java;123;130;
;;elasticsearch;1;/home/les-02/NovoTGLambda/projetos/elasticsearch/core/src/main/java/org/elasticsearch/index/mapper/TypeParsers.java;163;191;
;;elasticsearch;1;/home/les-02/NovoTGLambda/projetos/elasticsearch/core/src/main/java/org/elasticsearch/index/mapper/TypeParsers.java;170;176;
;;elasticsearch;1;/home/les-02/NovoTGLambda/projetos/elasticsearch/core/src/main/java/org/elasticsearch/index/mapper/TypeParsers.java;173;176;
;;elasticsearch;1;/home/les-02/NovoTGLambda/projetos/elasticsearch/core/src/main/java/org/elasticsearch/index/mapper/TypeParsers.java;185;191;
;;elasticsearch;1;/home/les-02/NovoTGLambda/projetos/elasticsearch/core/src/main/java/org/elasticsearch/index/mapper/TypeParsers.java;228;277;
;;elasticsearch;1;/home/les-02/NovoTGLambda/projetos/elasticsearch/core/src/main/java/org/elasticsearch/index/mapper/TypeParsers.java;231;277;
;;elasticsearch;1;/home/les-02/NovoTGLambda/projetos/elasticsearch/core/src/main/java/org/elasticsearch/index/mapper/TypeParsers.java;237;277;
;;elasticsearch;1;/home/les-02/NovoTGLambda/projetos/elasticsearch/core/src/main/java/org/elasticsearch/index/mapper/TypeParsers.java;243;277;
;;elasticsearch;1;/home/les-02/NovoTGLambda/projetos/elasticsearch/core/src/main/java/org/elasticsearch/index/mapper/TypeParsers.java;246;277;
;;elasticsearch;1;/home/les-02/NovoTGLambda/projetos/elasticsearch/core/src/main/java/org/elasticsearch/index/mapper/TypeParsers.java;258;277;
;;elasticsearch;1;/home/les-02/NovoTGLambda/projetos/elasticsearch/core/src/main/java/org/elasticsearch/index/mapper/TypeParsers.java;269;277;
;;elasticsearch;1;/home/les-02/NovoTGLambda/projetos/elasticsearch/core/src/main/java/org/elasticsearch/index/mapper/TypeParsers.java;284;329;
;;elasticsearch;1;/home/les-02/NovoTGLambda/projetos/elasticsearch/core/src/main/java/org/elasticsearch/index/mapper/IpFieldMapper.java;108;119;
;;elasticsearch;1;/home/les-02/NovoTGLambda/projetos/elasticsearch/core/src/main/java/org/elasticsearch/index/mapper/IpFieldMapper.java;114;119;
;;elasticsearch;1;/home/les-02/NovoTGLambda/projetos/elasticsearch/core/src/main/java/org/elasticsearch/index/mapper/CompletionFieldMapper.java;124;126;
;;elasticsearch;1;/home/les-02/NovoTGLambda/projetos/elasticsearch/core/src/main/java/org/elasticsearch/index/mapper/RootObjectMapper.java;125;158;
;;elasticsearch;1;/home/les-02/NovoTGLambda/projetos/elasticsearch/core/src/main/java/org/elasticsearch/index/mapper/RootObjectMapper.java;152;158;
;;elasticsearch;1;/home/les-02/NovoTGLambda/projetos/elasticsearch/core/src/main/java/org/elasticsearch/index/mapper/RootObjectMapper.java;155;158;
;;elasticsearch;1;/home/les-02/NovoTGLambda/projetos/elasticsearch/core/src/main/java/org/elasticsearch/index/mapper/SourceFieldMapper.java;116;138;
;;elasticsearch;1;/home/les-02/NovoTGLambda/projetos/elasticsearch/core/src/main/java/org/elasticsearch/index/mapper/SourceFieldMapper.java;122;138;
;;elasticsearch;1;/home/les-02/NovoTGLambda/projetos/elasticsearch/core/src/main/java/org/elasticsearch/index/mapper/SourceFieldMapper.java;130;138;
;;elasticsearch;1;/home/les-02/NovoTGLambda/projetos/elasticsearch/core/src/main/java/org/elasticsearch/index/mapper/TokenCountFieldMapper.java;86;96;
;;elasticsearch;1;/home/les-02/NovoTGLambda/projetos/elasticsearch/core/src/main/java/org/elasticsearch/index/mapper/TokenCountFieldMapper.java;89;96;
;;elasticsearch;1;/home/les-02/NovoTGLambda/projetos/elasticsearch/core/src/main/java/org/elasticsearch/index/mapper/TextFieldMapper.java;142;160;
;;elasticsearch;1;/home/les-02/NovoTGLambda/projetos/elasticsearch/core/src/main/java/org/elasticsearch/index/mapper/TextFieldMapper.java;146;160;
;;elasticsearch;1;/home/les-02/NovoTGLambda/projetos/elasticsearch/core/src/main/java/org/elasticsearch/index/mapper/TextFieldMapper.java;149;160;
;;elasticsearch;1;/home/les-02/NovoTGLambda/projetos/elasticsearch/core/src/main/java/org/elasticsearch/index/mapper/TextFieldMapper.java;152;160;
;;elasticsearch;1;/home/les-02/NovoTGLambda/projetos/elasticsearch/core/src/main/java/org/elasticsearch/index/mapper/ObjectMapper.java;181;205;
;;elasticsearch;1;/home/les-02/NovoTGLambda/projetos/elasticsearch/core/src/main/java/org/elasticsearch/index/mapper/ObjectMapper.java;190;205;
;;elasticsearch;1;/home/les-02/NovoTGLambda/projetos/elasticsearch/core/src/main/java/org/elasticsearch/index/mapper/ObjectMapper.java;193;205;
;;elasticsearch;1;/home/les-02/NovoTGLambda/projetos/elasticsearch/core/src/main/java/org/elasticsearch/index/mapper/ObjectMapper.java;202;205;
;;elasticsearch;1;/home/les-02/NovoTGLambda/projetos/elasticsearch/core/src/main/java/org/elasticsearch/index/mapper/ParentFieldMapper.java;114;127;
;;elasticsearch;1;/home/les-02/NovoTGLambda/projetos/elasticsearch/core/src/main/java/org/elasticsearch/index/mapper/ParentFieldMapper.java;124;127;
;;elasticsearch;1;/home/les-02/NovoTGLambda/projetos/elasticsearch/core/src/main/java/org/elasticsearch/index/mapper/BooleanFieldMapper.java;109;115;
;;elasticsearch;1;/home/les-02/NovoTGLambda/projetos/elasticsearch/core/src/main/java/org/elasticsearch/index/mapper/RangeFieldMapper.java;165;179;
;;elasticsearch;1;/home/les-02/NovoTGLambda/projetos/elasticsearch/core/src/main/java/org/elasticsearch/index/mapper/RangeFieldMapper.java;168;179;
;;elasticsearch;1;/home/les-02/NovoTGLambda/projetos/elasticsearch/core/src/main/java/org/elasticsearch/index/mapper/RangeFieldMapper.java;171;179;
;;elasticsearch;1;/home/les-02/NovoTGLambda/projetos/elasticsearch/core/src/main/java/org/elasticsearch/index/mapper/RangeFieldMapper.java;174;179;
;;elasticsearch;1;/home/les-02/NovoTGLambda/projetos/elasticsearch/core/src/main/java/org/elasticsearch/index/mapper/ScaledFloatFieldMapper.java;143;158;
;;elasticsearch;1;/home/les-02/NovoTGLambda/projetos/elasticsearch/core/src/main/java/org/elasticsearch/index/mapper/ScaledFloatFieldMapper.java;149;158;
;;elasticsearch;1;/home/les-02/NovoTGLambda/projetos/elasticsearch/core/src/main/java/org/elasticsearch/index/mapper/ScaledFloatFieldMapper.java;152;158;
;;elasticsearch;1;/home/les-02/NovoTGLambda/projetos/elasticsearch/core/src/main/java/org/elasticsearch/index/mapper/ScaledFloatFieldMapper.java;155;158;
;;elasticsearch;1;/home/les-02/NovoTGLambda/projetos/elasticsearch/core/src/main/java/org/elasticsearch/index/mapper/MapperService.java;686;689;
;;elasticsearch;1;/home/les-02/NovoTGLambda/projetos/elasticsearch/core/src/main/java/org/elasticsearch/index/mapper/NumberFieldMapper.java;147;159;
;;elasticsearch;1;/home/les-02/NovoTGLambda/projetos/elasticsearch/core/src/main/java/org/elasticsearch/index/mapper/NumberFieldMapper.java;153;159;
;;elasticsearch;1;/home/les-02/NovoTGLambda/projetos/elasticsearch/core/src/main/java/org/elasticsearch/index/mapper/NumberFieldMapper.java;156;159;
;;elasticsearch;1;/home/les-02/NovoTGLambda/projetos/elasticsearch/core/src/main/java/org/elasticsearch/index/mapper/DateFieldMapper.java;148;165;
;;elasticsearch;1;/home/les-02/NovoTGLambda/projetos/elasticsearch/core/src/main/java/org/elasticsearch/index/mapper/DateFieldMapper.java;154;165;
;;elasticsearch;1;/home/les-02/NovoTGLambda/projetos/elasticsearch/core/src/main/java/org/elasticsearch/index/mapper/DateFieldMapper.java;157;165;
;;elasticsearch;1;/home/les-02/NovoTGLambda/projetos/elasticsearch/core/src/main/java/org/elasticsearch/index/mapper/DateFieldMapper.java;160;165;
;;elasticsearch;1;/home/les-02/NovoTGLambda/projetos/elasticsearch/core/src/main/java/org/elasticsearch/index/mapper/AllFieldMapper.java;140;144;
;;elasticsearch;1;/home/les-02/NovoTGLambda/projetos/elasticsearch/core/src/main/java/org/elasticsearch/index/analysis/AnalysisRegistry.java;324;326;
;;elasticsearch;1;/home/les-02/NovoTGLambda/projetos/elasticsearch/core/src/main/java/org/elasticsearch/index/analysis/WordDelimiterTokenFilterFactory.java;141;154;
;;elasticsearch;1;/home/les-02/NovoTGLambda/projetos/elasticsearch/core/src/main/java/org/elasticsearch/index/analysis/WordDelimiterTokenFilterFactory.java;143;154;
;;elasticsearch;1;/home/les-02/NovoTGLambda/projetos/elasticsearch/core/src/main/java/org/elasticsearch/index/analysis/WordDelimiterTokenFilterFactory.java;145;154;
;;elasticsearch;1;/home/les-02/NovoTGLambda/projetos/elasticsearch/core/src/main/java/org/elasticsearch/index/analysis/WordDelimiterTokenFilterFactory.java;147;154;
;;elasticsearch;1;/home/les-02/NovoTGLambda/projetos/elasticsearch/core/src/main/java/org/elasticsearch/index/analysis/WordDelimiterTokenFilterFactory.java;149;154;
;;elasticsearch;1;/home/les-02/NovoTGLambda/projetos/elasticsearch/core/src/main/java/org/elasticsearch/index/analysis/WordDelimiterTokenFilterFactory.java;151;154;
;;elasticsearch;1;/home/les-02/NovoTGLambda/projetos/elasticsearch/core/src/main/java/org/elasticsearch/index/analysis/DelimitedPayloadTokenFilterFactory.java;54;60;
;;elasticsearch;1;/home/les-02/NovoTGLambda/projetos/elasticsearch/core/src/main/java/org/elasticsearch/index/analysis/DelimitedPayloadTokenFilterFactory.java;56;60;
;;elasticsearch;1;/home/les-02/NovoTGLambda/projetos/elasticsearch/core/src/main/java/org/elasticsearch/index/analysis/DelimitedPayloadTokenFilterFactory.java;58;60;
;;elasticsearch;1;/home/les-02/NovoTGLambda/projetos/elasticsearch/core/src/main/java/org/elasticsearch/index/analysis/SnowballAnalyzer.java;72;75;
;;elasticsearch;1;/home/les-02/NovoTGLambda/projetos/elasticsearch/core/src/main/java/org/elasticsearch/index/query/GeoDistanceQueryBuilder.java;307;316;
;;elasticsearch;1;/home/les-02/NovoTGLambda/projetos/elasticsearch/core/src/main/java/org/elasticsearch/index/query/GeoDistanceQueryBuilder.java;309;316;
;;elasticsearch;1;/home/les-02/NovoTGLambda/projetos/elasticsearch/core/src/main/java/org/elasticsearch/index/query/GeoDistanceQueryBuilder.java;311;316;
;;elasticsearch;1;/home/les-02/NovoTGLambda/projetos/elasticsearch/core/src/test/java/org/elasticsearch/action/bulk/BulkProcessorIT.java;284;296;
;;elasticsearch;1;/home/les-02/NovoTGLambda/projetos/elasticsearch/core/src/test/java/org/elasticsearch/action/admin/cluster/allocation/ClusterAllocationExplainIT.java;372;377;
;;elasticsearch;1;/home/les-02/NovoTGLambda/projetos/elasticsearch/core/src/test/java/org/elasticsearch/action/admin/cluster/allocation/ClusterAllocationExplainIT.java;444;448;
;;elasticsearch;1;/home/les-02/NovoTGLambda/projetos/elasticsearch/core/src/test/java/org/elasticsearch/action/admin/cluster/allocation/ClusterAllocationExplainIT.java;464;469;
;;elasticsearch;1;/home/les-02/NovoTGLambda/projetos/elasticsearch/core/src/test/java/org/elasticsearch/action/admin/cluster/allocation/ClusterAllocationExplainIT.java;534;541;
;;elasticsearch;1;/home/les-02/NovoTGLambda/projetos/elasticsearch/core/src/test/java/org/elasticsearch/action/admin/cluster/allocation/ClusterAllocationExplainIT.java;555;562;
;;elasticsearch;1;/home/les-02/NovoTGLambda/projetos/elasticsearch/core/src/test/java/org/elasticsearch/action/admin/cluster/allocation/ClusterAllocationExplainIT.java;648;655;
;;elasticsearch;1;/home/les-02/NovoTGLambda/projetos/elasticsearch/core/src/test/java/org/elasticsearch/action/admin/cluster/allocation/ClusterAllocationExplainIT.java;881;888;
;;elasticsearch;1;/home/les-02/NovoTGLambda/projetos/elasticsearch/core/src/test/java/org/elasticsearch/action/admin/cluster/allocation/ClusterAllocationExplainIT.java;1219;1225;
;;elasticsearch;1;/home/les-02/NovoTGLambda/projetos/elasticsearch/core/src/test/java/org/elasticsearch/action/termvectors/GetTermVectorsCheckDocFreqIT.java;113;117;
;;elasticsearch;1;/home/les-02/NovoTGLambda/projetos/elasticsearch/core/src/test/java/org/elasticsearch/action/termvectors/GetTermVectorsCheckDocFreqIT.java;224;228;
;;elasticsearch;1;/home/les-02/NovoTGLambda/projetos/elasticsearch/core/src/test/java/org/elasticsearch/common/xcontent/ObjectParserTests.java;129;133;
;;elasticsearch;1;/home/les-02/NovoTGLambda/projetos/elasticsearch/core/src/test/java/org/elasticsearch/common/xcontent/ObjectParserTests.java;135;139;
;;elasticsearch;1;/home/les-02/NovoTGLambda/projetos/elasticsearch/core/src/test/java/org/elasticsearch/fieldstats/FieldStatsTests.java;179;191;
;;elasticsearch;1;/home/les-02/NovoTGLambda/projetos/elasticsearch/core/src/test/java/org/elasticsearch/fieldstats/FieldStatsTests.java;214;226;
;;elasticsearch;1;/home/les-02/NovoTGLambda/projetos/elasticsearch/core/src/test/java/org/elasticsearch/cluster/routing/allocation/RebalanceAfterActiveTests.java;66;68;
;;elasticsearch;1;/home/les-02/NovoTGLambda/projetos/elasticsearch/core/src/test/java/org/elasticsearch/cluster/shards/ClusterSearchShardsIT.java;112;120;
;;elasticsearch;1;/home/les-02/NovoTGLambda/projetos/elasticsearch/core/src/test/java/org/elasticsearch/cluster/shards/ClusterSearchShardsIT.java;115;120;
;;elasticsearch;1;/home/les-02/NovoTGLambda/projetos/elasticsearch/core/src/test/java/org/elasticsearch/test/search/aggregations/bucket/SharedSignificantTermsTestMethods.java;81;83;
;;elasticsearch;1;/home/les-02/NovoTGLambda/projetos/elasticsearch/core/src/test/java/org/elasticsearch/search/fetch/subphase/MatchedQueriesIT.java;60;65;
;;elasticsearch;1;/home/les-02/NovoTGLambda/projetos/elasticsearch/core/src/test/java/org/elasticsearch/search/fetch/subphase/MatchedQueriesIT.java;77;82;
;;elasticsearch;1;/home/les-02/NovoTGLambda/projetos/elasticsearch/core/src/test/java/org/elasticsearch/search/fetch/subphase/MatchedQueriesIT.java;102;111;
;;elasticsearch;1;/home/les-02/NovoTGLambda/projetos/elasticsearch/core/src/test/java/org/elasticsearch/search/fetch/subphase/MatchedQueriesIT.java;122;131;
;;elasticsearch;1;/home/les-02/NovoTGLambda/projetos/elasticsearch/core/src/test/java/org/elasticsearch/search/fetch/subphase/MatchedQueriesIT.java;185;190;
;;elasticsearch;1;/home/les-02/NovoTGLambda/projetos/elasticsearch/core/src/test/java/org/elasticsearch/search/fetch/subphase/MatchedQueriesIT.java;206;211;
;;elasticsearch;1;/home/les-02/NovoTGLambda/projetos/elasticsearch/core/src/test/java/org/elasticsearch/search/fetch/subphase/MatchedQueriesIT.java;227;232;
;;elasticsearch;1;/home/les-02/NovoTGLambda/projetos/elasticsearch/core/src/test/java/org/elasticsearch/search/fetch/subphase/MatchedQueriesIT.java;248;253;
;;elasticsearch;1;/home/les-02/NovoTGLambda/projetos/elasticsearch/core/src/test/java/org/elasticsearch/search/fetch/subphase/MatchedQueriesIT.java;269;274;
;;elasticsearch;1;/home/les-02/NovoTGLambda/projetos/elasticsearch/core/src/test/java/org/elasticsearch/search/fetch/subphase/MatchedQueriesIT.java;304;312;
;;elasticsearch;1;/home/les-02/NovoTGLambda/projetos/elasticsearch/core/src/test/java/org/elasticsearch/search/fetch/subphase/MatchedQueriesIT.java;307;312;
;;elasticsearch;1;/home/les-02/NovoTGLambda/projetos/elasticsearch/core/src/test/java/org/elasticsearch/search/aggregations/bucket/SignificantTermsSignificanceScoreIT.java;526;528;
;;elasticsearch;1;/home/les-02/NovoTGLambda/projetos/elasticsearch/core/src/test/java/org/elasticsearch/search/aggregations/bucket/TermsShardMinDocCountIT.java;115;117;
;;elasticsearch;1;/home/les-02/NovoTGLambda/projetos/elasticsearch/core/src/test/java/org/elasticsearch/search/morelikethis/MoreLikeThisIT.java;450;454;
;;elasticsearch;1;/home/les-02/NovoTGLambda/projetos/elasticsearch/core/src/test/java/org/elasticsearch/index/mapper/RangeFieldMapperTests.java;54;56;
;;elasticsearch;1;/home/les-02/NovoTGLambda/projetos/elasticsearch/core/src/test/java/org/elasticsearch/index/mapper/RangeFieldMapperTests.java;69;71;
;;elasticsearch;1;/home/les-02/NovoTGLambda/projetos/elasticsearch/core/src/test/java/org/elasticsearch/index/mapper/RangeFieldMapperTests.java;78;82;
;;elasticsearch;1;/home/les-02/NovoTGLambda/projetos/elasticsearch/core/src/test/java/org/elasticsearch/index/mapper/RangeFieldMapperTests.java;80;82;
;;elasticsearch;1;/home/les-02/NovoTGLambda/projetos/elasticsearch/core/src/test/java/org/elasticsearch/index/mapper/RangeFieldMapperTests.java;90;92;
;;elasticsearch;1;/home/les-02/NovoTGLambda/projetos/elasticsearch/core/src/test/java/org/elasticsearch/index/mapper/RangeFieldMapperTests.java;117;119;
;;elasticsearch;1;/home/les-02/NovoTGLambda/projetos/elasticsearch/core/src/test/java/org/elasticsearch/index/mapper/RangeFieldMapperTests.java;141;143;
;;elasticsearch;1;/home/les-02/NovoTGLambda/projetos/elasticsearch/core/src/test/java/org/elasticsearch/index/mapper/RangeFieldMapperTests.java;166;168;
;;elasticsearch;1;/home/les-02/NovoTGLambda/projetos/elasticsearch/core/src/test/java/org/elasticsearch/index/mapper/RangeFieldMapperTests.java;194;196;
;;elasticsearch;1;/home/les-02/NovoTGLambda/projetos/elasticsearch/core/src/test/java/org/elasticsearch/index/mapper/RangeFieldMapperTests.java;237;239;
;;elasticsearch;1;/home/les-02/NovoTGLambda/projetos/elasticsearch/core/src/test/java/org/elasticsearch/index/mapper/RangeFieldMapperTests.java;287;289;
;;elasticsearch;1;/home/les-02/NovoTGLambda/projetos/elasticsearch/core/src/test/java/org/elasticsearch/index/mapper/TokenCountFieldMapperIntegrationIT.java;188;202;
;;elasticsearch;1;/home/les-02/NovoTGLambda/projetos/elasticsearch/core/src/test/java/org/elasticsearch/index/mapper/TokenCountFieldMapperIntegrationIT.java;190;202;
;;elasticsearch;1;/home/les-02/NovoTGLambda/projetos/elasticsearch/core/src/test/java/org/elasticsearch/index/mapper/TokenCountFieldMapperIntegrationIT.java;192;202;
;;elasticsearch;1;/home/les-02/NovoTGLambda/projetos/elasticsearch/core/src/test/java/org/elasticsearch/index/mapper/TokenCountFieldMapperIntegrationIT.java;194;202;
;;elasticsearch;1;/home/les-02/NovoTGLambda/projetos/elasticsearch/core/src/test/java/org/elasticsearch/index/mapper/TokenCountFieldMapperIntegrationIT.java;196;202;
;;elasticsearch;1;/home/les-02/NovoTGLambda/projetos/elasticsearch/core/src/test/java/org/elasticsearch/index/mapper/TokenCountFieldMapperIntegrationIT.java;198;202;
;;elasticsearch;1;/home/les-02/NovoTGLambda/projetos/elasticsearch/core/src/test/java/org/elasticsearch/index/WaitUntilRefreshIT.java;190;192;
;;elasticsearch;1;/home/les-02/NovoTGLambda/projetos/elasticsearch/core/src/test/java/org/elasticsearch/index/SettingsListenerIT.java;56;59;
;;elasticsearch;1;/home/les-02/NovoTGLambda/projetos/elasticsearch/core/src/test/java/org/elasticsearch/index/query/SimpleQueryParserTests.java;198;200;
;;elasticsearch;1;/home/les-02/NovoTGLambda/projetos/elasticsearch/core/src/test/java/org/elasticsearch/index/fielddata/AbstractFieldDataTestCase.java;100;132;
;;elasticsearch;1;/home/les-02/NovoTGLambda/projetos/elasticsearch/core/src/test/java/org/elasticsearch/index/fielddata/AbstractFieldDataTestCase.java;106;132;
;;elasticsearch;1;/home/les-02/NovoTGLambda/projetos/elasticsearch/core/src/test/java/org/elasticsearch/index/fielddata/AbstractFieldDataTestCase.java;109;132;
;;elasticsearch;1;/home/les-02/NovoTGLambda/projetos/elasticsearch/core/src/test/java/org/elasticsearch/index/fielddata/AbstractFieldDataTestCase.java;112;132;
;;elasticsearch;1;/home/les-02/NovoTGLambda/projetos/elasticsearch/core/src/test/java/org/elasticsearch/index/fielddata/AbstractFieldDataTestCase.java;115;132;
;;elasticsearch;1;/home/les-02/NovoTGLambda/projetos/elasticsearch/core/src/test/java/org/elasticsearch/index/fielddata/AbstractFieldDataTestCase.java;118;132;
;;elasticsearch;1;/home/les-02/NovoTGLambda/projetos/elasticsearch/core/src/test/java/org/elasticsearch/index/fielddata/AbstractFieldDataTestCase.java;121;132;
;;elasticsearch;1;/home/les-02/NovoTGLambda/projetos/elasticsearch/core/src/test/java/org/elasticsearch/index/fielddata/AbstractFieldDataTestCase.java;124;132;
;;elasticsearch;1;/home/les-02/NovoTGLambda/projetos/elasticsearch/core/src/test/java/org/elasticsearch/index/fielddata/AbstractFieldDataTestCase.java;126;132;
;;elasticsearch;1;/home/les-02/NovoTGLambda/projetos/elasticsearch/core/src/test/java/org/elasticsearch/index/fielddata/AbstractFieldDataTestCase.java;128;132;
;;elasticsearch;1;/home/les-02/NovoTGLambda/projetos/elasticsearch/core/src/test/java/org/elasticsearch/indices/settings/UpdateSettingsIT.java;78;79;
;;elasticsearch;1;/home/les-02/NovoTGLambda/projetos/elasticsearch/qa/smoke-test-http/src/test/java/org/elasticsearch/http/DeprecationHttpIT.java;194;196;
;;elasticsearch;1;/home/les-02/NovoTGLambda/projetos/elasticsearch/plugins/mapper-size/src/main/java/org/elasticsearch/index/mapper/size/SizeFieldMapper.java;103;107;
;;elasticsearch;1;/home/les-02/NovoTGLambda/projetos/elasticsearch/plugins/discovery-file/src/main/java/org/elasticsearch/discovery/file/FileBasedDiscoveryPlugin.java;108;115;
;;elasticsearch;1;/home/les-02/NovoTGLambda/projetos/elasticsearch/client/sniffer/src/test/java/org/elasticsearch/client/sniff/ElasticsearchHostsSnifferTests.java;164;171;
;;elasticsearch;1;/home/les-02/NovoTGLambda/projetos/elasticsearch/client/rest/src/test/java/org/elasticsearch/client/RestClientMultipleHostsTests.java;88;98;
;;elasticsearch;1;/home/les-02/NovoTGLambda/projetos/elasticsearch/client/rest/src/test/java/org/elasticsearch/client/RestClientMultipleHostsTests.java;90;98;
;;elasticsearch;1;/home/les-02/NovoTGLambda/projetos/elasticsearch/client/rest/src/test/java/org/elasticsearch/client/RestClientMultipleHostsTests.java;92;98;
;;elasticsearch;1;/home/les-02/NovoTGLambda/projetos/elasticsearch/client/rest/src/test/java/org/elasticsearch/client/RestClientSingleHostTests.java;111;132;
;;elasticsearch;1;/home/les-02/NovoTGLambda/projetos/elasticsearch/client/rest/src/test/java/org/elasticsearch/client/RestClientSingleHostTests.java;113;132;
;;elasticsearch;1;/home/les-02/NovoTGLambda/projetos/elasticsearch/test/framework/src/main/java/org/elasticsearch/repositories/blobstore/ESBlobStoreRepositoryIntegTestCase.java;215;217;
;;elasticsearch;1;/home/les-02/NovoTGLambda/projetos/elasticsearch/test/framework/src/main/java/org/elasticsearch/common/inject/ModuleTestCase.java;123;125;
;;elasticsearch;1;/home/les-02/NovoTGLambda/projetos/elasticsearch/test/framework/src/main/java/org/elasticsearch/common/inject/ModuleTestCase.java;154;156;
;;elasticsearch;1;/home/les-02/NovoTGLambda/projetos/elasticsearch/test/framework/src/main/java/org/elasticsearch/test/rest/yaml/ClientYamlTestResponse.java;86;88;
;;elasticsearch;1;/home/les-02/NovoTGLambda/projetos/elasticsearch/test/framework/src/main/java/org/elasticsearch/test/rest/yaml/section/SkipSection.java;160;162;
;;elasticsearch;1;/home/les-02/NovoTGLambda/projetos/elasticsearch/test/framework/src/main/java/org/elasticsearch/test/rest/yaml/restspec/ClientYamlSuiteRestSpec.java;89;119;
;;elasticsearch;1;/home/les-02/NovoTGLambda/projetos/elasticsearch/test/framework/src/main/java/org/elasticsearch/test/rest/ESRestTestCase.java;215;226;
;;elasticsearch;1;/home/les-02/NovoTGLambda/projetos/elasticsearch/test/framework/src/main/java/org/elasticsearch/search/aggregations/bucket/script/TestScript.java;39;41;
;;elasticsearch;1;/home/les-02/NovoTGLambda/projetos/elasticsearch/test/framework/src/main/java/org/elasticsearch/search/aggregations/bucket/script/TestScript.java;42;44;
;;elasticsearch;1;/home/les-02/NovoTGLambda/projetos/elasticsearch/test/framework/src/main/java/org/elasticsearch/search/aggregations/bucket/script/TestScript.java;45;47;
;;elasticsearch;1;/home/les-02/NovoTGLambda/projetos/elasticsearch/test/framework/src/main/java/org/elasticsearch/search/aggregations/bucket/script/TestScript.java;48;50;
;;elasticsearch;1;/home/les-02/NovoTGLambda/projetos/elasticsearch/modules/lang-painless/src/main/java/org/elasticsearch/painless/ScriptInterface.java;53;62;
;;elasticsearch;1;/home/les-02/NovoTGLambda/projetos/elasticsearch/modules/lang-painless/src/main/java/org/elasticsearch/painless/Definition.java;652;658;
;;elasticsearch;1;/home/les-02/NovoTGLambda/projetos/elasticsearch/modules/lang-painless/src/main/java/org/elasticsearch/painless/Definition.java;777;788;
;;elasticsearch;1;/home/les-02/NovoTGLambda/projetos/elasticsearch/modules/lang-painless/src/test/java/org/elasticsearch/painless/PainlessDocGenerator.java;150;154;
;;elasticsearch;1;/home/les-02/NovoTGLambda/projetos/elasticsearch/modules/lang-painless/src/test/java/org/elasticsearch/painless/PainlessDocGenerator.java;194;198;
;;elasticsearch;1;/home/les-02/NovoTGLambda/projetos/elasticsearch/modules/reindex/src/test/java/org/elasticsearch/index/reindex/remote/RemoteScrollableHitSourceTests.java;518;524;
;;elasticsearch;1;/home/les-02/NovoTGLambda/projetos/elasticsearch/modules/lang-expression/src/main/java/org/elasticsearch/script/expression/ExpressionScriptEngineService.java;122;229;
;;elasticsearch;1;/home/les-02/NovoTGLambda/projetos/elasticsearch/modules/lang-expression/src/main/java/org/elasticsearch/script/expression/ExpressionScriptEngineService.java;125;229;
;;elasticsearch;1;/home/les-02/NovoTGLambda/projetos/elasticsearch/modules/ingest-common/src/main/java/org/elasticsearch/ingest/common/GrokProcessor.java;119;123;
;;elasticsearch;1;/home/les-02/NovoTGLambda/projetos/elasticsearch/modules/ingest-common/src/test/java/org/elasticsearch/ingest/common/RenameProcessorTests.java;143;145;
;;elasticsearch;1;/home/les-02/NovoTGLambda/projetos/elasticsearch/modules/ingest-common/src/test/java/org/elasticsearch/ingest/common/RenameProcessorTests.java;167;169;
;;elasticsearch;1;/home/les-02/NovoTGLambda/projetos/elasticsearch/core/src/main/java/org/elasticsearch/node/Node.java;867;873;
;;elasticsearch;1;/home/les-02/NovoTGLambda/projetos/elasticsearch/core/src/main/java/org/elasticsearch/node/Node.java;869;873;
;;elasticsearch;1;/home/les-02/NovoTGLambda/projetos/elasticsearch/core/src/main/java/org/elasticsearch/action/support/ActiveShardCount.java;110;120;
;;elasticsearch;1;/home/les-02/NovoTGLambda/projetos/elasticsearch/core/src/main/java/org/elasticsearch/action/admin/cluster/repositories/put/PutRepositoryRequest.java;203;212;
;;elasticsearch;1;/home/les-02/NovoTGLambda/projetos/elasticsearch/core/src/main/java/org/elasticsearch/action/admin/cluster/repositories/put/PutRepositoryRequest.java;205;212;
;;elasticsearch;1;/home/les-02/NovoTGLambda/projetos/elasticsearch/core/src/main/java/org/elasticsearch/action/admin/cluster/snapshots/create/CreateSnapshotRequest.java;361;378;
;;elasticsearch;1;/home/les-02/NovoTGLambda/projetos/elasticsearch/core/src/main/java/org/elasticsearch/action/admin/cluster/snapshots/create/CreateSnapshotRequest.java;369;378;
;;elasticsearch;1;/home/les-02/NovoTGLambda/projetos/elasticsearch/core/src/main/java/org/elasticsearch/action/admin/cluster/snapshots/create/CreateSnapshotRequest.java;371;378;
;;elasticsearch;1;/home/les-02/NovoTGLambda/projetos/elasticsearch/core/src/main/java/org/elasticsearch/action/admin/cluster/snapshots/create/CreateSnapshotRequest.java;376;378;
;;elasticsearch;1;/home/les-02/NovoTGLambda/projetos/elasticsearch/core/src/main/java/org/elasticsearch/action/admin/cluster/snapshots/restore/RestoreSnapshotRequest.java;476;524;
;;elasticsearch;1;/home/les-02/NovoTGLambda/projetos/elasticsearch/core/src/main/java/org/elasticsearch/action/admin/cluster/snapshots/restore/RestoreSnapshotRequest.java;484;524;
;;elasticsearch;1;/home/les-02/NovoTGLambda/projetos/elasticsearch/core/src/main/java/org/elasticsearch/action/admin/cluster/snapshots/restore/RestoreSnapshotRequest.java;486;524;
;;elasticsearch;1;/home/les-02/NovoTGLambda/projetos/elasticsearch/core/src/main/java/org/elasticsearch/action/admin/cluster/snapshots/restore/RestoreSnapshotRequest.java;491;524;
;;elasticsearch;1;/home/les-02/NovoTGLambda/projetos/elasticsearch/core/src/main/java/org/elasticsearch/action/admin/cluster/snapshots/restore/RestoreSnapshotRequest.java;493;524;
;;elasticsearch;1;/home/les-02/NovoTGLambda/projetos/elasticsearch/core/src/main/java/org/elasticsearch/action/admin/cluster/snapshots/restore/RestoreSnapshotRequest.java;495;524;
;;elasticsearch;1;/home/les-02/NovoTGLambda/projetos/elasticsearch/core/src/main/java/org/elasticsearch/action/admin/cluster/snapshots/restore/RestoreSnapshotRequest.java;501;524;
;;elasticsearch;1;/home/les-02/NovoTGLambda/projetos/elasticsearch/core/src/main/java/org/elasticsearch/action/admin/cluster/snapshots/restore/RestoreSnapshotRequest.java;507;524;
;;elasticsearch;1;/home/les-02/NovoTGLambda/projetos/elasticsearch/core/src/main/java/org/elasticsearch/action/admin/cluster/snapshots/restore/RestoreSnapshotRequest.java;512;524;
;;elasticsearch;1;/home/les-02/NovoTGLambda/projetos/elasticsearch/core/src/main/java/org/elasticsearch/action/admin/indices/create/CreateIndexRequest.java;388;411;
;;elasticsearch;1;/home/les-02/NovoTGLambda/projetos/elasticsearch/core/src/main/java/org/elasticsearch/action/admin/indices/create/CreateIndexRequest.java;391;411;
;;elasticsearch;1;/home/les-02/NovoTGLambda/projetos/elasticsearch/core/src/main/java/org/elasticsearch/action/admin/indices/create/CreateIndexRequest.java;397;411;
;;elasticsearch;1;/home/les-02/NovoTGLambda/projetos/elasticsearch/core/src/main/java/org/elasticsearch/action/admin/indices/template/put/PutIndexTemplateRequest.java;311;360;
;;elasticsearch;1;/home/les-02/NovoTGLambda/projetos/elasticsearch/core/src/main/java/org/elasticsearch/action/admin/indices/template/put/PutIndexTemplateRequest.java;317;360;
;;elasticsearch;1;/home/les-02/NovoTGLambda/projetos/elasticsearch/core/src/main/java/org/elasticsearch/action/admin/indices/template/put/PutIndexTemplateRequest.java;326;360;
;;elasticsearch;1;/home/les-02/NovoTGLambda/projetos/elasticsearch/core/src/main/java/org/elasticsearch/action/admin/indices/template/put/PutIndexTemplateRequest.java;333;360;
;;elasticsearch;1;/home/les-02/NovoTGLambda/projetos/elasticsearch/core/src/main/java/org/elasticsearch/action/admin/indices/template/put/PutIndexTemplateRequest.java;338;360;
;;elasticsearch;1;/home/les-02/NovoTGLambda/projetos/elasticsearch/core/src/main/java/org/elasticsearch/action/admin/indices/template/put/PutIndexTemplateRequest.java;348;360;
;;elasticsearch;1;/home/les-02/NovoTGLambda/projetos/elasticsearch/core/src/main/java/org/elasticsearch/action/termvectors/TermVectorsRequest.java;597;645;
;;elasticsearch;1;/home/les-02/NovoTGLambda/projetos/elasticsearch/core/src/main/java/org/elasticsearch/action/termvectors/TermVectorsRequest.java;605;645;
;;elasticsearch;1;/home/les-02/NovoTGLambda/projetos/elasticsearch/core/src/main/java/org/elasticsearch/action/termvectors/TermVectorsRequest.java;607;645;
;;elasticsearch;1;/home/les-02/NovoTGLambda/projetos/elasticsearch/core/src/main/java/org/elasticsearch/action/termvectors/TermVectorsRequest.java;609;645;
;;elasticsearch;1;/home/les-02/NovoTGLambda/projetos/elasticsearch/core/src/main/java/org/elasticsearch/action/termvectors/TermVectorsRequest.java;615;645;
;;elasticsearch;1;/home/les-02/NovoTGLambda/projetos/elasticsearch/core/src/main/java/org/elasticsearch/action/termvectors/TermVectorsRequest.java;619;645;
;;elasticsearch;1;/home/les-02/NovoTGLambda/projetos/elasticsearch/core/src/main/java/org/elasticsearch/action/termvectors/TermVectorsRequest.java;674;690;
;;elasticsearch;1;/home/les-02/NovoTGLambda/projetos/elasticsearch/core/src/main/java/org/elasticsearch/action/termvectors/TermVectorsRequest.java;676;690;
;;elasticsearch;1;/home/les-02/NovoTGLambda/projetos/elasticsearch/core/src/main/java/org/elasticsearch/action/termvectors/TermVectorsRequest.java;678;690;
;;elasticsearch;1;/home/les-02/NovoTGLambda/projetos/elasticsearch/core/src/main/java/org/elasticsearch/action/termvectors/TermVectorsRequest.java;680;690;
;;elasticsearch;1;/home/les-02/NovoTGLambda/projetos/elasticsearch/core/src/main/java/org/elasticsearch/action/termvectors/TermVectorsRequest.java;682;690;
;;elasticsearch;1;/home/les-02/NovoTGLambda/projetos/elasticsearch/core/src/main/java/org/elasticsearch/action/termvectors/TermVectorsRequest.java;684;690;
;;elasticsearch;1;/home/les-02/NovoTGLambda/projetos/elasticsearch/core/src/main/java/org/elasticsearch/action/termvectors/TermVectorsRequest.java;686;690;
;;elasticsearch;1;/home/les-02/NovoTGLambda/projetos/elasticsearch/core/src/main/java/org/elasticsearch/action/index/IndexRequest.java;421;427;
;;elasticsearch;1;/home/les-02/NovoTGLambda/projetos/elasticsearch/core/src/main/java/org/elasticsearch/action/index/IndexRequest.java;423;427;
;;elasticsearch;1;/home/les-02/NovoTGLambda/projetos/elasticsearch/core/src/main/java/org/elasticsearch/action/update/UpdateHelper.java;240;243;
;;elasticsearch;1;/home/les-02/NovoTGLambda/projetos/elasticsearch/core/src/main/java/org/elasticsearch/rest/RestController.java;167;170;
;;elasticsearch;1;/home/les-02/NovoTGLambda/projetos/elasticsearch/core/src/main/java/org/elasticsearch/rest/RestController.java;266;269;
;;elasticsearch;1;/home/les-02/NovoTGLambda/projetos/elasticsearch/core/src/main/java/org/elasticsearch/common/logging/LogConfigurator.java;102;104;
;;elasticsearch;1;/home/les-02/NovoTGLambda/projetos/elasticsearch/core/src/main/java/org/elasticsearch/common/transport/NetworkExceptionHelper.java;55;57;
;;elasticsearch;1;/home/les-02/NovoTGLambda/projetos/elasticsearch/core/src/main/java/org/elasticsearch/common/transport/NetworkExceptionHelper.java;58;60;
;;elasticsearch;1;/home/les-02/NovoTGLambda/projetos/elasticsearch/core/src/main/java/org/elasticsearch/common/unit/ByteSizeValue.java;167;178;
;;elasticsearch;1;/home/les-02/NovoTGLambda/projetos/elasticsearch/core/src/main/java/org/elasticsearch/common/unit/ByteSizeValue.java;170;178;
;;elasticsearch;1;/home/les-02/NovoTGLambda/projetos/elasticsearch/core/src/main/java/org/elasticsearch/cluster/node/DiscoveryNodes.java;299;359;
;;elasticsearch;1;/home/les-02/NovoTGLambda/projetos/elasticsearch/core/src/main/java/org/elasticsearch/cluster/node/DiscoveryNodes.java;304;359;
;;elasticsearch;1;/home/les-02/NovoTGLambda/projetos/elasticsearch/core/src/main/java/org/elasticsearch/cluster/metadata/MetaData.java;897;899;
;;elasticsearch;1;/home/les-02/NovoTGLambda/projetos/elasticsearch/core/src/main/java/org/elasticsearch/cluster/metadata/MappingMetaData.java;125;132;
;;elasticsearch;1;/home/les-02/NovoTGLambda/projetos/elasticsearch/core/src/main/java/org/elasticsearch/bootstrap/Spawner.java;117;119;
;;elasticsearch;1;/home/les-02/NovoTGLambda/projetos/elasticsearch/core/src/main/java/org/elasticsearch/bootstrap/Spawner.java;121;125;
;;elasticsearch;1;/home/les-02/NovoTGLambda/projetos/elasticsearch/core/src/main/java/org/elasticsearch/bootstrap/Spawner.java;123;125;
;;elasticsearch;1;/home/les-02/NovoTGLambda/projetos/elasticsearch/core/src/main/java/org/elasticsearch/search/profile/query/InternalProfileCollector.java;102;104;
;;elasticsearch;1;/home/les-02/NovoTGLambda/projetos/elasticsearch/core/src/main/java/org/elasticsearch/search/aggregations/bucket/InternalSingleBucketAggregation.java;118;123;
;;elasticsearch;1;/home/les-02/NovoTGLambda/projetos/elasticsearch/core/src/main/java/org/elasticsearch/search/aggregations/InternalMultiBucketAggregation.java;69;78;
;;elasticsearch;1;/home/les-02/NovoTGLambda/projetos/elasticsearch/core/src/main/java/org/elasticsearch/search/aggregations/InternalMultiBucketAggregation.java;89;99;
;;elasticsearch;1;/home/les-02/NovoTGLambda/projetos/elasticsearch/core/src/main/java/org/elasticsearch/search/aggregations/InternalMultiBucketAggregation.java;94;99;
;;elasticsearch;1;/home/les-02/NovoTGLambda/projetos/elasticsearch/core/src/main/java/org/elasticsearch/index/mapper/RoutingFieldMapper.java;86;89;
;;elasticsearch;1;/home/les-02/NovoTGLambda/projetos/elasticsearch/core/src/main/java/org/elasticsearch/index/mapper/FieldNamesFieldMapper.java;107;110;
;;elasticsearch;1;/home/les-02/NovoTGLambda/projetos/elasticsearch/core/src/main/java/org/elasticsearch/index/mapper/KeywordFieldMapper.java;129;153;
;;elasticsearch;1;/home/les-02/NovoTGLambda/projetos/elasticsearch/core/src/main/java/org/elasticsearch/index/mapper/KeywordFieldMapper.java;135;153;
;;elasticsearch;1;/home/les-02/NovoTGLambda/projetos/elasticsearch/core/src/main/java/org/elasticsearch/index/mapper/KeywordFieldMapper.java;138;153;
;;elasticsearch;1;/home/les-02/NovoTGLambda/projetos/elasticsearch/core/src/main/java/org/elasticsearch/index/mapper/KeywordFieldMapper.java;141;153;
;;elasticsearch;1;/home/les-02/NovoTGLambda/projetos/elasticsearch/core/src/main/java/org/elasticsearch/index/mapper/KeywordFieldMapper.java;144;153;
;;elasticsearch;1;/home/les-02/NovoTGLambda/projetos/elasticsearch/core/src/main/java/org/elasticsearch/index/mapper/TypeParsers.java;93;130;
;;elasticsearch;1;/home/les-02/NovoTGLambda/projetos/elasticsearch/core/src/main/java/org/elasticsearch/index/mapper/TypeParsers.java;96;130;
;;elasticsearch;1;/home/les-02/NovoTGLambda/projetos/elasticsearch/core/src/main/java/org/elasticsearch/index/mapper/TypeParsers.java;99;130;
;;elasticsearch;1;/home/les-02/NovoTGLambda/projetos/elasticsearch/core/src/main/java/org/elasticsearch/index/mapper/TypeParsers.java;102;130;
;;elasticsearch;1;/home/les-02/NovoTGLambda/projetos/elasticsearch/core/src/main/java/org/elasticsearch/index/mapper/TypeParsers.java;106;130;
;;elasticsearch;1;/home/les-02/NovoTGLambda/projetos/elasticsearch/core/src/main/java/org/elasticsearch/index/mapper/TypeParsers.java;109;130;
;;elasticsearch;1;/home/les-02/NovoTGLambda/projetos/elasticsearch/core/src/main/java/org/elasticsearch/index/mapper/TypeParsers.java;116;130;
;;elasticsearch;1;/home/les-02/NovoTGLambda/projetos/elasticsearch/core/src/main/java/org/elasticsearch/index/mapper/TypeParsers.java;123;130;
;;elasticsearch;1;/home/les-02/NovoTGLambda/projetos/elasticsearch/core/src/main/java/org/elasticsearch/index/mapper/TypeParsers.java;163;191;
;;elasticsearch;1;/home/les-02/NovoTGLambda/projetos/elasticsearch/core/src/main/java/org/elasticsearch/index/mapper/TypeParsers.java;170;176;
;;elasticsearch;1;/home/les-02/NovoTGLambda/projetos/elasticsearch/core/src/main/java/org/elasticsearch/index/mapper/TypeParsers.java;173;176;
;;elasticsearch;1;/home/les-02/NovoTGLambda/projetos/elasticsearch/core/src/main/java/org/elasticsearch/index/mapper/TypeParsers.java;185;191;
;;elasticsearch;1;/home/les-02/NovoTGLambda/projetos/elasticsearch/core/src/main/java/org/elasticsearch/index/mapper/TypeParsers.java;228;277;
;;elasticsearch;1;/home/les-02/NovoTGLambda/projetos/elasticsearch/core/src/main/java/org/elasticsearch/index/mapper/TypeParsers.java;231;277;
;;elasticsearch;1;/home/les-02/NovoTGLambda/projetos/elasticsearch/core/src/main/java/org/elasticsearch/index/mapper/TypeParsers.java;237;277;
;;elasticsearch;1;/home/les-02/NovoTGLambda/projetos/elasticsearch/core/src/main/java/org/elasticsearch/index/mapper/TypeParsers.java;243;277;
;;elasticsearch;1;/home/les-02/NovoTGLambda/projetos/elasticsearch/core/src/main/java/org/elasticsearch/index/mapper/TypeParsers.java;246;277;
;;elasticsearch;1;/home/les-02/NovoTGLambda/projetos/elasticsearch/core/src/main/java/org/elasticsearch/index/mapper/TypeParsers.java;258;277;
;;elasticsearch;1;/home/les-02/NovoTGLambda/projetos/elasticsearch/core/src/main/java/org/elasticsearch/index/mapper/TypeParsers.java;269;277;
;;elasticsearch;1;/home/les-02/NovoTGLambda/projetos/elasticsearch/core/src/main/java/org/elasticsearch/index/mapper/TypeParsers.java;284;329;
;;elasticsearch;1;/home/les-02/NovoTGLambda/projetos/elasticsearch/core/src/main/java/org/elasticsearch/index/mapper/IpFieldMapper.java;108;119;
;;elasticsearch;1;/home/les-02/NovoTGLambda/projetos/elasticsearch/core/src/main/java/org/elasticsearch/index/mapper/IpFieldMapper.java;114;119;
;;elasticsearch;1;/home/les-02/NovoTGLambda/projetos/elasticsearch/core/src/main/java/org/elasticsearch/index/mapper/CompletionFieldMapper.java;124;126;
;;elasticsearch;1;/home/les-02/NovoTGLambda/projetos/elasticsearch/core/src/main/java/org/elasticsearch/index/mapper/RootObjectMapper.java;125;158;
;;elasticsearch;1;/home/les-02/NovoTGLambda/projetos/elasticsearch/core/src/main/java/org/elasticsearch/index/mapper/RootObjectMapper.java;152;158;
;;elasticsearch;1;/home/les-02/NovoTGLambda/projetos/elasticsearch/core/src/main/java/org/elasticsearch/index/mapper/RootObjectMapper.java;155;158;
;;elasticsearch;1;/home/les-02/NovoTGLambda/projetos/elasticsearch/core/src/main/java/org/elasticsearch/index/mapper/SourceFieldMapper.java;116;138;
;;elasticsearch;1;/home/les-02/NovoTGLambda/projetos/elasticsearch/core/src/main/java/org/elasticsearch/index/mapper/SourceFieldMapper.java;122;138;
;;elasticsearch;1;/home/les-02/NovoTGLambda/projetos/elasticsearch/core/src/main/java/org/elasticsearch/index/mapper/SourceFieldMapper.java;130;138;
;;elasticsearch;1;/home/les-02/NovoTGLambda/projetos/elasticsearch/core/src/main/java/org/elasticsearch/index/mapper/TokenCountFieldMapper.java;86;96;
;;elasticsearch;1;/home/les-02/NovoTGLambda/projetos/elasticsearch/core/src/main/java/org/elasticsearch/index/mapper/TokenCountFieldMapper.java;89;96;
;;elasticsearch;1;/home/les-02/NovoTGLambda/projetos/elasticsearch/core/src/main/java/org/elasticsearch/index/mapper/TextFieldMapper.java;142;160;
;;elasticsearch;1;/home/les-02/NovoTGLambda/projetos/elasticsearch/core/src/main/java/org/elasticsearch/index/mapper/TextFieldMapper.java;146;160;
;;elasticsearch;1;/home/les-02/NovoTGLambda/projetos/elasticsearch/core/src/main/java/org/elasticsearch/index/mapper/TextFieldMapper.java;149;160;
;;elasticsearch;1;/home/les-02/NovoTGLambda/projetos/elasticsearch/core/src/main/java/org/elasticsearch/index/mapper/TextFieldMapper.java;152;160;
;;elasticsearch;1;/home/les-02/NovoTGLambda/projetos/elasticsearch/core/src/main/java/org/elasticsearch/index/mapper/ObjectMapper.java;181;205;
;;elasticsearch;1;/home/les-02/NovoTGLambda/projetos/elasticsearch/core/src/main/java/org/elasticsearch/index/mapper/ObjectMapper.java;190;205;
;;elasticsearch;1;/home/les-02/NovoTGLambda/projetos/elasticsearch/core/src/main/java/org/elasticsearch/index/mapper/ObjectMapper.java;193;205;
;;elasticsearch;1;/home/les-02/NovoTGLambda/projetos/elasticsearch/core/src/main/java/org/elasticsearch/index/mapper/ObjectMapper.java;202;205;
;;elasticsearch;1;/home/les-02/NovoTGLambda/projetos/elasticsearch/core/src/main/java/org/elasticsearch/index/mapper/ParentFieldMapper.java;114;127;
;;elasticsearch;1;/home/les-02/NovoTGLambda/projetos/elasticsearch/core/src/main/java/org/elasticsearch/index/mapper/ParentFieldMapper.java;124;127;
;;elasticsearch;1;/home/les-02/NovoTGLambda/projetos/elasticsearch/core/src/main/java/org/elasticsearch/index/mapper/BooleanFieldMapper.java;109;115;
;;elasticsearch;1;/home/les-02/NovoTGLambda/projetos/elasticsearch/core/src/main/java/org/elasticsearch/index/mapper/RangeFieldMapper.java;165;179;
;;elasticsearch;1;/home/les-02/NovoTGLambda/projetos/elasticsearch/core/src/main/java/org/elasticsearch/index/mapper/RangeFieldMapper.java;168;179;
;;elasticsearch;1;/home/les-02/NovoTGLambda/projetos/elasticsearch/core/src/main/java/org/elasticsearch/index/mapper/RangeFieldMapper.java;171;179;
;;elasticsearch;1;/home/les-02/NovoTGLambda/projetos/elasticsearch/core/src/main/java/org/elasticsearch/index/mapper/RangeFieldMapper.java;174;179;
;;elasticsearch;1;/home/les-02/NovoTGLambda/projetos/elasticsearch/core/src/main/java/org/elasticsearch/index/mapper/ScaledFloatFieldMapper.java;143;158;
;;elasticsearch;1;/home/les-02/NovoTGLambda/projetos/elasticsearch/core/src/main/java/org/elasticsearch/index/mapper/ScaledFloatFieldMapper.java;149;158;
;;elasticsearch;1;/home/les-02/NovoTGLambda/projetos/elasticsearch/core/src/main/java/org/elasticsearch/index/mapper/ScaledFloatFieldMapper.java;152;158;
;;elasticsearch;1;/home/les-02/NovoTGLambda/projetos/elasticsearch/core/src/main/java/org/elasticsearch/index/mapper/ScaledFloatFieldMapper.java;155;158;
;;elasticsearch;1;/home/les-02/NovoTGLambda/projetos/elasticsearch/core/src/main/java/org/elasticsearch/index/mapper/MapperService.java;686;689;
;;elasticsearch;1;/home/les-02/NovoTGLambda/projetos/elasticsearch/core/src/main/java/org/elasticsearch/index/mapper/NumberFieldMapper.java;147;159;
;;elasticsearch;1;/home/les-02/NovoTGLambda/projetos/elasticsearch/core/src/main/java/org/elasticsearch/index/mapper/NumberFieldMapper.java;153;159;
;;elasticsearch;1;/home/les-02/NovoTGLambda/projetos/elasticsearch/core/src/main/java/org/elasticsearch/index/mapper/NumberFieldMapper.java;156;159;
;;elasticsearch;1;/home/les-02/NovoTGLambda/projetos/elasticsearch/core/src/main/java/org/elasticsearch/index/mapper/DateFieldMapper.java;148;165;
;;elasticsearch;1;/home/les-02/NovoTGLambda/projetos/elasticsearch/core/src/main/java/org/elasticsearch/index/mapper/DateFieldMapper.java;154;165;
;;elasticsearch;1;/home/les-02/NovoTGLambda/projetos/elasticsearch/core/src/main/java/org/elasticsearch/index/mapper/DateFieldMapper.java;157;165;
;;elasticsearch;1;/home/les-02/NovoTGLambda/projetos/elasticsearch/core/src/main/java/org/elasticsearch/index/mapper/DateFieldMapper.java;160;165;
;;elasticsearch;1;/home/les-02/NovoTGLambda/projetos/elasticsearch/core/src/main/java/org/elasticsearch/index/mapper/AllFieldMapper.java;140;144;
;;elasticsearch;1;/home/les-02/NovoTGLambda/projetos/elasticsearch/core/src/main/java/org/elasticsearch/index/analysis/AnalysisRegistry.java;324;326;
;;elasticsearch;1;/home/les-02/NovoTGLambda/projetos/elasticsearch/core/src/main/java/org/elasticsearch/index/analysis/WordDelimiterTokenFilterFactory.java;141;154;
;;elasticsearch;1;/home/les-02/NovoTGLambda/projetos/elasticsearch/core/src/main/java/org/elasticsearch/index/analysis/WordDelimiterTokenFilterFactory.java;143;154;
;;elasticsearch;1;/home/les-02/NovoTGLambda/projetos/elasticsearch/core/src/main/java/org/elasticsearch/index/analysis/WordDelimiterTokenFilterFactory.java;145;154;
;;elasticsearch;1;/home/les-02/NovoTGLambda/projetos/elasticsearch/core/src/main/java/org/elasticsearch/index/analysis/WordDelimiterTokenFilterFactory.java;147;154;
;;elasticsearch;1;/home/les-02/NovoTGLambda/projetos/elasticsearch/core/src/main/java/org/elasticsearch/index/analysis/WordDelimiterTokenFilterFactory.java;149;154;
;;elasticsearch;1;/home/les-02/NovoTGLambda/projetos/elasticsearch/core/src/main/java/org/elasticsearch/index/analysis/WordDelimiterTokenFilterFactory.java;151;154;
;;elasticsearch;1;/home/les-02/NovoTGLambda/projetos/elasticsearch/core/src/main/java/org/elasticsearch/index/analysis/DelimitedPayloadTokenFilterFactory.java;54;60;
;;elasticsearch;1;/home/les-02/NovoTGLambda/projetos/elasticsearch/core/src/main/java/org/elasticsearch/index/analysis/DelimitedPayloadTokenFilterFactory.java;56;60;
;;elasticsearch;1;/home/les-02/NovoTGLambda/projetos/elasticsearch/core/src/main/java/org/elasticsearch/index/analysis/DelimitedPayloadTokenFilterFactory.java;58;60;
;;elasticsearch;1;/home/les-02/NovoTGLambda/projetos/elasticsearch/core/src/main/java/org/elasticsearch/index/analysis/SnowballAnalyzer.java;72;75;
;;elasticsearch;1;/home/les-02/NovoTGLambda/projetos/elasticsearch/core/src/main/java/org/elasticsearch/index/query/GeoDistanceQueryBuilder.java;307;316;
;;elasticsearch;1;/home/les-02/NovoTGLambda/projetos/elasticsearch/core/src/main/java/org/elasticsearch/index/query/GeoDistanceQueryBuilder.java;309;316;
;;elasticsearch;1;/home/les-02/NovoTGLambda/projetos/elasticsearch/core/src/main/java/org/elasticsearch/index/query/GeoDistanceQueryBuilder.java;311;316;
;;elasticsearch;1;/home/les-02/NovoTGLambda/projetos/elasticsearch/core/src/test/java/org/elasticsearch/action/bulk/BulkProcessorIT.java;284;296;
;;elasticsearch;1;/home/les-02/NovoTGLambda/projetos/elasticsearch/core/src/test/java/org/elasticsearch/action/admin/cluster/allocation/ClusterAllocationExplainIT.java;372;377;
;;elasticsearch;1;/home/les-02/NovoTGLambda/projetos/elasticsearch/core/src/test/java/org/elasticsearch/action/admin/cluster/allocation/ClusterAllocationExplainIT.java;444;448;
;;elasticsearch;1;/home/les-02/NovoTGLambda/projetos/elasticsearch/core/src/test/java/org/elasticsearch/action/admin/cluster/allocation/ClusterAllocationExplainIT.java;464;469;
;;elasticsearch;1;/home/les-02/NovoTGLambda/projetos/elasticsearch/core/src/test/java/org/elasticsearch/action/admin/cluster/allocation/ClusterAllocationExplainIT.java;534;541;
;;elasticsearch;1;/home/les-02/NovoTGLambda/projetos/elasticsearch/core/src/test/java/org/elasticsearch/action/admin/cluster/allocation/ClusterAllocationExplainIT.java;555;562;
;;elasticsearch;1;/home/les-02/NovoTGLambda/projetos/elasticsearch/core/src/test/java/org/elasticsearch/action/admin/cluster/allocation/ClusterAllocationExplainIT.java;648;655;
;;elasticsearch;1;/home/les-02/NovoTGLambda/projetos/elasticsearch/core/src/test/java/org/elasticsearch/action/admin/cluster/allocation/ClusterAllocationExplainIT.java;881;888;
;;elasticsearch;1;/home/les-02/NovoTGLambda/projetos/elasticsearch/core/src/test/java/org/elasticsearch/action/admin/cluster/allocation/ClusterAllocationExplainIT.java;1219;1225;
;;elasticsearch;1;/home/les-02/NovoTGLambda/projetos/elasticsearch/core/src/test/java/org/elasticsearch/action/termvectors/GetTermVectorsCheckDocFreqIT.java;113;117;
;;elasticsearch;1;/home/les-02/NovoTGLambda/projetos/elasticsearch/core/src/test/java/org/elasticsearch/action/termvectors/GetTermVectorsCheckDocFreqIT.java;224;228;
;;elasticsearch;1;/home/les-02/NovoTGLambda/projetos/elasticsearch/core/src/test/java/org/elasticsearch/common/xcontent/ObjectParserTests.java;129;133;
;;elasticsearch;1;/home/les-02/NovoTGLambda/projetos/elasticsearch/core/src/test/java/org/elasticsearch/common/xcontent/ObjectParserTests.java;135;139;
;;elasticsearch;1;/home/les-02/NovoTGLambda/projetos/elasticsearch/core/src/test/java/org/elasticsearch/fieldstats/FieldStatsTests.java;179;191;
;;elasticsearch;1;/home/les-02/NovoTGLambda/projetos/elasticsearch/core/src/test/java/org/elasticsearch/fieldstats/FieldStatsTests.java;214;226;
;;elasticsearch;1;/home/les-02/NovoTGLambda/projetos/elasticsearch/core/src/test/java/org/elasticsearch/cluster/routing/allocation/RebalanceAfterActiveTests.java;66;68;
;;elasticsearch;1;/home/les-02/NovoTGLambda/projetos/elasticsearch/core/src/test/java/org/elasticsearch/cluster/shards/ClusterSearchShardsIT.java;112;120;
;;elasticsearch;1;/home/les-02/NovoTGLambda/projetos/elasticsearch/core/src/test/java/org/elasticsearch/cluster/shards/ClusterSearchShardsIT.java;115;120;
;;elasticsearch;1;/home/les-02/NovoTGLambda/projetos/elasticsearch/core/src/test/java/org/elasticsearch/test/search/aggregations/bucket/SharedSignificantTermsTestMethods.java;81;83;
;;elasticsearch;1;/home/les-02/NovoTGLambda/projetos/elasticsearch/core/src/test/java/org/elasticsearch/search/fetch/subphase/MatchedQueriesIT.java;60;65;
;;elasticsearch;1;/home/les-02/NovoTGLambda/projetos/elasticsearch/core/src/test/java/org/elasticsearch/search/fetch/subphase/MatchedQueriesIT.java;77;82;
;;elasticsearch;1;/home/les-02/NovoTGLambda/projetos/elasticsearch/core/src/test/java/org/elasticsearch/search/fetch/subphase/MatchedQueriesIT.java;102;111;
;;elasticsearch;1;/home/les-02/NovoTGLambda/projetos/elasticsearch/core/src/test/java/org/elasticsearch/search/fetch/subphase/MatchedQueriesIT.java;122;131;
;;elasticsearch;1;/home/les-02/NovoTGLambda/projetos/elasticsearch/core/src/test/java/org/elasticsearch/search/fetch/subphase/MatchedQueriesIT.java;185;190;
;;elasticsearch;1;/home/les-02/NovoTGLambda/projetos/elasticsearch/core/src/test/java/org/elasticsearch/search/fetch/subphase/MatchedQueriesIT.java;206;211;
;;elasticsearch;1;/home/les-02/NovoTGLambda/projetos/elasticsearch/core/src/test/java/org/elasticsearch/search/fetch/subphase/MatchedQueriesIT.java;227;232;
;;elasticsearch;1;/home/les-02/NovoTGLambda/projetos/elasticsearch/core/src/test/java/org/elasticsearch/search/fetch/subphase/MatchedQueriesIT.java;248;253;
;;elasticsearch;1;/home/les-02/NovoTGLambda/projetos/elasticsearch/core/src/test/java/org/elasticsearch/search/fetch/subphase/MatchedQueriesIT.java;269;274;
;;elasticsearch;1;/home/les-02/NovoTGLambda/projetos/elasticsearch/core/src/test/java/org/elasticsearch/search/fetch/subphase/MatchedQueriesIT.java;304;312;
;;elasticsearch;1;/home/les-02/NovoTGLambda/projetos/elasticsearch/core/src/test/java/org/elasticsearch/search/fetch/subphase/MatchedQueriesIT.java;307;312;
;;elasticsearch;1;/home/les-02/NovoTGLambda/projetos/elasticsearch/core/src/test/java/org/elasticsearch/search/aggregations/bucket/SignificantTermsSignificanceScoreIT.java;526;528;
;;elasticsearch;1;/home/les-02/NovoTGLambda/projetos/elasticsearch/core/src/test/java/org/elasticsearch/search/aggregations/bucket/TermsShardMinDocCountIT.java;115;117;
;;elasticsearch;1;/home/les-02/NovoTGLambda/projetos/elasticsearch/core/src/test/java/org/elasticsearch/search/morelikethis/MoreLikeThisIT.java;450;454;
;;elasticsearch;1;/home/les-02/NovoTGLambda/projetos/elasticsearch/core/src/test/java/org/elasticsearch/index/mapper/RangeFieldMapperTests.java;54;56;
;;elasticsearch;1;/home/les-02/NovoTGLambda/projetos/elasticsearch/core/src/test/java/org/elasticsearch/index/mapper/RangeFieldMapperTests.java;69;71;
;;elasticsearch;1;/home/les-02/NovoTGLambda/projetos/elasticsearch/core/src/test/java/org/elasticsearch/index/mapper/RangeFieldMapperTests.java;78;82;
;;elasticsearch;1;/home/les-02/NovoTGLambda/projetos/elasticsearch/core/src/test/java/org/elasticsearch/index/mapper/RangeFieldMapperTests.java;80;82;
;;elasticsearch;1;/home/les-02/NovoTGLambda/projetos/elasticsearch/core/src/test/java/org/elasticsearch/index/mapper/RangeFieldMapperTests.java;90;92;
;;elasticsearch;1;/home/les-02/NovoTGLambda/projetos/elasticsearch/core/src/test/java/org/elasticsearch/index/mapper/RangeFieldMapperTests.java;117;119;
;;elasticsearch;1;/home/les-02/NovoTGLambda/projetos/elasticsearch/core/src/test/java/org/elasticsearch/index/mapper/RangeFieldMapperTests.java;141;143;
;;elasticsearch;1;/home/les-02/NovoTGLambda/projetos/elasticsearch/core/src/test/java/org/elasticsearch/index/mapper/RangeFieldMapperTests.java;166;168;
;;elasticsearch;1;/home/les-02/NovoTGLambda/projetos/elasticsearch/core/src/test/java/org/elasticsearch/index/mapper/RangeFieldMapperTests.java;194;196;
;;elasticsearch;1;/home/les-02/NovoTGLambda/projetos/elasticsearch/core/src/test/java/org/elasticsearch/index/mapper/RangeFieldMapperTests.java;237;239;
;;elasticsearch;1;/home/les-02/NovoTGLambda/projetos/elasticsearch/core/src/test/java/org/elasticsearch/index/mapper/RangeFieldMapperTests.java;287;289;
;;elasticsearch;1;/home/les-02/NovoTGLambda/projetos/elasticsearch/core/src/test/java/org/elasticsearch/index/mapper/TokenCountFieldMapperIntegrationIT.java;188;202;
;;elasticsearch;1;/home/les-02/NovoTGLambda/projetos/elasticsearch/core/src/test/java/org/elasticsearch/index/mapper/TokenCountFieldMapperIntegrationIT.java;190;202;
;;elasticsearch;1;/home/les-02/NovoTGLambda/projetos/elasticsearch/core/src/test/java/org/elasticsearch/index/mapper/TokenCountFieldMapperIntegrationIT.java;192;202;
;;elasticsearch;1;/home/les-02/NovoTGLambda/projetos/elasticsearch/core/src/test/java/org/elasticsearch/index/mapper/TokenCountFieldMapperIntegrationIT.java;194;202;
;;elasticsearch;1;/home/les-02/NovoTGLambda/projetos/elasticsearch/core/src/test/java/org/elasticsearch/index/mapper/TokenCountFieldMapperIntegrationIT.java;196;202;
;;elasticsearch;1;/home/les-02/NovoTGLambda/projetos/elasticsearch/core/src/test/java/org/elasticsearch/index/mapper/TokenCountFieldMapperIntegrationIT.java;198;202;
;;elasticsearch;1;/home/les-02/NovoTGLambda/projetos/elasticsearch/core/src/test/java/org/elasticsearch/index/WaitUntilRefreshIT.java;190;192;
;;elasticsearch;1;/home/les-02/NovoTGLambda/projetos/elasticsearch/core/src/test/java/org/elasticsearch/index/SettingsListenerIT.java;56;59;
;;elasticsearch;1;/home/les-02/NovoTGLambda/projetos/elasticsearch/core/src/test/java/org/elasticsearch/index/query/SimpleQueryParserTests.java;198;200;
;;elasticsearch;1;/home/les-02/NovoTGLambda/projetos/elasticsearch/core/src/test/java/org/elasticsearch/index/fielddata/AbstractFieldDataTestCase.java;100;132;
;;elasticsearch;1;/home/les-02/NovoTGLambda/projetos/elasticsearch/core/src/test/java/org/elasticsearch/index/fielddata/AbstractFieldDataTestCase.java;106;132;
;;elasticsearch;1;/home/les-02/NovoTGLambda/projetos/elasticsearch/core/src/test/java/org/elasticsearch/index/fielddata/AbstractFieldDataTestCase.java;109;132;
;;elasticsearch;1;/home/les-02/NovoTGLambda/projetos/elasticsearch/core/src/test/java/org/elasticsearch/index/fielddata/AbstractFieldDataTestCase.java;112;132;
;;elasticsearch;1;/home/les-02/NovoTGLambda/projetos/elasticsearch/core/src/test/java/org/elasticsearch/index/fielddata/AbstractFieldDataTestCase.java;115;132;
;;elasticsearch;1;/home/les-02/NovoTGLambda/projetos/elasticsearch/core/src/test/java/org/elasticsearch/index/fielddata/AbstractFieldDataTestCase.java;118;132;
;;elasticsearch;1;/home/les-02/NovoTGLambda/projetos/elasticsearch/core/src/test/java/org/elasticsearch/index/fielddata/AbstractFieldDataTestCase.java;121;132;
;;elasticsearch;1;/home/les-02/NovoTGLambda/projetos/elasticsearch/core/src/test/java/org/elasticsearch/index/fielddata/AbstractFieldDataTestCase.java;124;132;
;;elasticsearch;1;/home/les-02/NovoTGLambda/projetos/elasticsearch/core/src/test/java/org/elasticsearch/index/fielddata/AbstractFieldDataTestCase.java;126;132;
;;elasticsearch;1;/home/les-02/NovoTGLambda/projetos/elasticsearch/core/src/test/java/org/elasticsearch/index/fielddata/AbstractFieldDataTestCase.java;128;132;
;;elasticsearch;1;/home/les-02/NovoTGLambda/projetos/elasticsearch/core/src/test/java/org/elasticsearch/indices/settings/UpdateSettingsIT.java;78;79;
;;elasticsearch;1;/home/les-02/NovoTGLambda/projetos/elasticsearch/qa/smoke-test-http/src/test/java/org/elasticsearch/http/DeprecationHttpIT.java;194;196;
;;elasticsearch;1;/home/les-02/NovoTGLambda/projetos/elasticsearch/plugins/mapper-size/src/main/java/org/elasticsearch/index/mapper/size/SizeFieldMapper.java;103;107;
;;elasticsearch;1;/home/les-02/NovoTGLambda/projetos/elasticsearch/plugins/discovery-file/src/main/java/org/elasticsearch/discovery/file/FileBasedDiscoveryPlugin.java;108;115;
;;elasticsearch;1;/home/les-02/NovoTGLambda/projetos/elasticsearch/client/sniffer/src/test/java/org/elasticsearch/client/sniff/ElasticsearchHostsSnifferTests.java;164;171;
;;elasticsearch;1;/home/les-02/NovoTGLambda/projetos/elasticsearch/client/rest/src/test/java/org/elasticsearch/client/RestClientMultipleHostsTests.java;88;98;
;;elasticsearch;1;/home/les-02/NovoTGLambda/projetos/elasticsearch/client/rest/src/test/java/org/elasticsearch/client/RestClientMultipleHostsTests.java;90;98;
;;elasticsearch;1;/home/les-02/NovoTGLambda/projetos/elasticsearch/client/rest/src/test/java/org/elasticsearch/client/RestClientMultipleHostsTests.java;92;98;
;;elasticsearch;1;/home/les-02/NovoTGLambda/projetos/elasticsearch/client/rest/src/test/java/org/elasticsearch/client/RestClientSingleHostTests.java;111;132;
;;elasticsearch;1;/home/les-02/NovoTGLambda/projetos/elasticsearch/client/rest/src/test/java/org/elasticsearch/client/RestClientSingleHostTests.java;113;132;
;;elasticsearch;1;/home/les-02/NovoTGLambda/projetos/elasticsearch/test/framework/src/main/java/org/elasticsearch/repositories/blobstore/ESBlobStoreRepositoryIntegTestCase.java;215;217;
;;elasticsearch;1;/home/les-02/NovoTGLambda/projetos/elasticsearch/test/framework/src/main/java/org/elasticsearch/common/inject/ModuleTestCase.java;123;125;
;;elasticsearch;1;/home/les-02/NovoTGLambda/projetos/elasticsearch/test/framework/src/main/java/org/elasticsearch/common/inject/ModuleTestCase.java;154;156;
;;elasticsearch;1;/home/les-02/NovoTGLambda/projetos/elasticsearch/test/framework/src/main/java/org/elasticsearch/test/rest/yaml/ClientYamlTestResponse.java;86;88;
;;elasticsearch;1;/home/les-02/NovoTGLambda/projetos/elasticsearch/test/framework/src/main/java/org/elasticsearch/test/rest/yaml/section/SkipSection.java;160;162;
;;elasticsearch;1;/home/les-02/NovoTGLambda/projetos/elasticsearch/test/framework/src/main/java/org/elasticsearch/test/rest/yaml/restspec/ClientYamlSuiteRestSpec.java;89;119;
;;elasticsearch;1;/home/les-02/NovoTGLambda/projetos/elasticsearch/test/framework/src/main/java/org/elasticsearch/test/rest/ESRestTestCase.java;215;226;
;;elasticsearch;1;/home/les-02/NovoTGLambda/projetos/elasticsearch/test/framework/src/main/java/org/elasticsearch/search/aggregations/bucket/script/TestScript.java;39;41;
;;elasticsearch;1;/home/les-02/NovoTGLambda/projetos/elasticsearch/test/framework/src/main/java/org/elasticsearch/search/aggregations/bucket/script/TestScript.java;42;44;
;;elasticsearch;1;/home/les-02/NovoTGLambda/projetos/elasticsearch/test/framework/src/main/java/org/elasticsearch/search/aggregations/bucket/script/TestScript.java;45;47;
;;elasticsearch;1;/home/les-02/NovoTGLambda/projetos/elasticsearch/test/framework/src/main/java/org/elasticsearch/search/aggregations/bucket/script/TestScript.java;48;50;
;;elasticsearch;1;/home/les-02/NovoTGLambda/projetos/elasticsearch/modules/lang-painless/src/main/java/org/elasticsearch/painless/ScriptInterface.java;53;62;
;;elasticsearch;1;/home/les-02/NovoTGLambda/projetos/elasticsearch/modules/lang-painless/src/main/java/org/elasticsearch/painless/Definition.java;652;658;
;;elasticsearch;1;/home/les-02/NovoTGLambda/projetos/elasticsearch/modules/lang-painless/src/main/java/org/elasticsearch/painless/Definition.java;777;788;
;;elasticsearch;1;/home/les-02/NovoTGLambda/projetos/elasticsearch/modules/lang-painless/src/test/java/org/elasticsearch/painless/PainlessDocGenerator.java;150;154;
;;elasticsearch;1;/home/les-02/NovoTGLambda/projetos/elasticsearch/modules/lang-painless/src/test/java/org/elasticsearch/painless/PainlessDocGenerator.java;194;198;
;;elasticsearch;1;/home/les-02/NovoTGLambda/projetos/elasticsearch/modules/reindex/src/test/java/org/elasticsearch/index/reindex/remote/RemoteScrollableHitSourceTests.java;518;524;
;;elasticsearch;1;/home/les-02/NovoTGLambda/projetos/elasticsearch/modules/lang-expression/src/main/java/org/elasticsearch/script/expression/ExpressionScriptEngineService.java;122;229;
;;elasticsearch;1;/home/les-02/NovoTGLambda/projetos/elasticsearch/modules/lang-expression/src/main/java/org/elasticsearch/script/expression/ExpressionScriptEngineService.java;125;229;
;;elasticsearch;1;/home/les-02/NovoTGLambda/projetos/elasticsearch/modules/ingest-common/src/main/java/org/elasticsearch/ingest/common/GrokProcessor.java;119;123;
;;elasticsearch;1;/home/les-02/NovoTGLambda/projetos/elasticsearch/modules/ingest-common/src/test/java/org/elasticsearch/ingest/common/RenameProcessorTests.java;143;145;
;;elasticsearch;1;/home/les-02/NovoTGLambda/projetos/elasticsearch/modules/ingest-common/src/test/java/org/elasticsearch/ingest/common/RenameProcessorTests.java;167;169;
